MEETDATE,TRACKCODE,RACENUM,STARTTIME,EVENTNAME,GROUP,RACEPRIZE,AGEREST,SEXREST,CLASSREST,CLASSCODE,DISTABOUT,DISTANCE,JOCKREST,LIMITTYP,MINHCPWEIGHT,MKTPERC,USERATE,MKTRANGE
21-Jul-18,"FLEM",1,"11:55am","Vrc Recognition Hcp","",120000,"3yo    ","Fillies","Open","Open","1400",1400,"Apprentices Can Claim","Handicap",54.00,100,"FF5 DRY",7,
21-Jul-18,"FLEM",2,"12:30pm","Wilson Medic One (Bm84)","",100000,"3yo+   ","Fillies & Mares","Benchmark 84","BM84","1700",1700,"Apprentice Riders Only","Handicap",54.00,100,"FF5 DRY",7,
21-Jul-18,"FLEM",3,"1:05pm","Vale Jack Franklin (Bm90)","",120000," "," ","Benchmark 90","BM90","2500",2500,"Apprentices Can Claim","Handicap",54.00,100,"FF5 DRY",7,
21-Jul-18,"FLEM",4,"1:40pm","Flemington Event Staff (Bm78)","",60000," "," ","Benchmark 78","BM78","1200",1200,"Apprentices Can Claim","Handicap",54.00,100,"FF5 DRY",7,
21-Jul-18,"FLEM",5,"2:15pm","Byerley Hcp","",120000,"2yo    "," ","Open","Open","1800",1800,"Apprentices Cannot Claim","Handicap",54.50,100,"FF5 DRY",7,
21-Jul-18,"FLEM",6,"2:55pm","Tab/Ata Trainers' Trust Hcp","",120000,"3yo    "," ","Open","Open","1100",1100,"Apprentices Can Claim","Handicap",54.00,100,"FF5 DRY",7,
21-Jul-18,"FLEM",7,"3:35pm","Murray Cox Hcp","",120000,"3yo    "," ","Open","Open","1600",1600,"Apprentices Can Claim","Handicap",54.00,100,"FF5 DRY",7,
21-Jul-18,"FLEM",8,"4:15pm","K.A. Morrison Hcp","",120000," "," ","Open","Open","2000",2000,"Apprentices Can Claim","Handicap",54.00,100,"FF5 DRY",7,
21-Jul-18,"FLEM",9,"4:50pm","Vrc Thanks Terry Bailey (Bm90)","",100000," "," ","Benchmark 90","BM90","1000",1000,"Apprentices Can Claim","Handicap",54.00,100,"FF5 DRY",7,
