MEETDATE,TRACKCODE,RACENUM,STARTTIME,EVENTNAME,GROUP,RACEPRIZE,AGEREST,SEXREST,CLASSREST,CLASSCODE,DISTABOUT,DISTANCE,JOCKREST,LIMITTYP,MINHCPWEIGHT,MKTPERC,USERATE,MKTRANGE
28-Jul-18,"R'HILL",1,"11:45am","Owners Recognition Raceday Hcp","",100000,"2yo    "," ","Open","Open","1500",1500,"Apprentices Can Claim","Handicap",54.50,100,"FF5 DRY",7,
28-Jul-18,"R'HILL",2,"12:20pm","Owner Benefits Card (Bm73)","",100000,"3yo    "," ","Benchmark 73","BM73","2000",2000,"Apprentices Can Claim","Handicap",53.00,100,"FF5 DRY",7,
28-Jul-18,"R'HILL",3,"12:55pm","Tab Highway Plate (C3)","",60000,"3yo+   "," ","Class 3","Cls 3","1500",1500,"Apprentices Can Claim","Set Weight",0.00,100,"FF5 DRY",7,
28-Jul-18,"R'HILL",4,"1:30pm","Destiny's Kiss (Bm89)","",100000,"3yo+   "," ","Benchmark 89","BM89","2000",2000,"Apprentices Can Claim","Handicap",53.00,100,"FF5 DRY",7,
28-Jul-18,"R'HILL",5,"2:05pm","Atc Hong Kong Tour (Bm79)","",100000,"3yo+   "," ","Benchmark 79","BM79","1100",1100,"Apprentices Can Claim","Handicap",53.00,100,"FF5 DRY",7,
28-Jul-18,"R'HILL",6,"2:40pm","Tab Rewards (Bm73)","",100000,"3yo    "," ","Benchmark 73","BM73","1400",1400,"Apprentices Can Claim","Handicap",53.00,100,"FF5 DRY",7,
28-Jul-18,"R'HILL",7,"3:20pm","Winter Challenge","LR",150000,"3yo+   "," ","Open","Open","1500",1500,"Apprentices Cannot Claim","Quality",53.00,100,"FF5 DRY",7,
28-Jul-18,"R'HILL",8,"4:00pm","Atc Thanks Owners (Bm90)","",100000,"3yo+   "," ","Benchmark 90","BM90","1200",1200,"Apprentices Can Claim","Handicap",53.00,100,"FF5 DRY",7,
28-Jul-18,"R'HILL",9,"4:40pm","Nsw Racehorse Owners Assn-Bm83","",100000,"3yo+   ","Fillies & Mares","Benchmark 83","BM83","1200",1200,"Apprentices Can Claim","Handicap",53.00,100,"FF5 DRY",7,
