MEETDATE,TRACKCODE,RACENUM,FORMKEY,TABNO,HORSENAME,RESULT,ODDS,PRIZE
28-Jul-18,R'HILL,1,1,1,Thinkin' Big,,,
28-Jul-18,R'HILL,1,1,2,Inherit,1,$6,$60
28-Jul-18,R'HILL,1,1,3,Single Story,,,
28-Jul-18,R'HILL,1,1,4,Salsa Man,,,
28-Jul-18,R'HILL,1,1,5,Skyray,,,
28-Jul-18,R'HILL,1,1,6,Laburnum,,,
28-Jul-18,R'HILL,1,1,7,Aliferous,,,
28-Jul-18,R'HILL,1,1,8,Nobu,,,
28-Jul-18,R'HILL,1,1,9,Neshmiya,,,
28-Jul-18,R'HILL,2,2,1,Sweet Victory,,,
28-Jul-18,R'HILL,2,2,2,Monsieur Sisu,,,
28-Jul-18,R'HILL,2,2,3,Falcon Island,,,
28-Jul-18,R'HILL,2,2,4,Huangshan,,,
28-Jul-18,R'HILL,2,2,5,The Macallan,,,
28-Jul-18,R'HILL,2,2,6,Zedda,,,
28-Jul-18,R'HILL,2,2,7,Mister Smartee,1,$11,$110
28-Jul-18,R'HILL,2,2,8,Schoolmates,,,
28-Jul-18,R'HILL,2,2,9,Fighting Teo,,,
28-Jul-18,R'HILL,3,3,1,Sovereignaire,,,
28-Jul-18,R'HILL,3,3,2,Emvepee,,,
28-Jul-18,R'HILL,3,3,3,Pierino,,,
28-Jul-18,R'HILL,3,3,4,Butchoy,,,
28-Jul-18,R'HILL,3,3,5,Mark My Word,,,
28-Jul-18,R'HILL,3,3,6,Roman Typhoon,,,
28-Jul-18,R'HILL,3,3,7,Shadow Vision,,,
28-Jul-18,R'HILL,3,3,8,Cricklewood,,,
28-Jul-18,R'HILL,3,3,9,Biodynamic,,,
28-Jul-18,R'HILL,3,3,10,Wallander,,,
28-Jul-18,R'HILL,3,3,11,Nicconita,,,
28-Jul-18,R'HILL,3,3,12,Vivid Pink,,,
28-Jul-18,R'HILL,3,3,13,Not Bossy,,,
28-Jul-18,R'HILL,3,3,14,Tirone Miss,,,
28-Jul-18,R'HILL,3,3,15,Settle Then Lift,1,$3,$30
28-Jul-18,R'HILL,4,4,1,Carzoff,,,
28-Jul-18,R'HILL,4,4,2,Hallelujah Boy,,,
28-Jul-18,R'HILL,4,4,3,Just Shine,,,
28-Jul-18,R'HILL,4,4,4,Reneged,,,
28-Jul-18,R'HILL,4,4,5,Veladero,,,
28-Jul-18,R'HILL,4,4,6,Beijing Board,,,
28-Jul-18,R'HILL,4,4,7,Vaucluse Bay,,,
28-Jul-18,R'HILL,4,4,8,Our Gravano,,,
28-Jul-18,R'HILL,4,4,9,Quick Defence,,,
28-Jul-18,R'HILL,4,4,10,Chatelard,,,
28-Jul-18,R'HILL,4,4,11,Mutarakem,1,$7,$70
28-Jul-18,R'HILL,4,4,12,Raqeeq,,,
28-Jul-18,R'HILL,4,4,13,Screamarr,,,
28-Jul-18,R'HILL,5,5,1,Powerline,1,$8,$80
28-Jul-18,R'HILL,5,5,2,Piracy,,,
28-Jul-18,R'HILL,5,5,3,Niccolance,,,
28-Jul-18,R'HILL,5,5,4,Tip Top,,,
28-Jul-18,R'HILL,5,5,5,Condor Heroes,,,
28-Jul-18,R'HILL,5,5,6,Sharpe Hussler,,,
28-Jul-18,R'HILL,5,5,7,Argent D'Or,,,
28-Jul-18,R'HILL,5,5,8,Difficult To Get,,,
28-Jul-18,R'HILL,5,5,9,Way We Go,,,
28-Jul-18,R'HILL,5,5,10,Stephan,,,
28-Jul-18,R'HILL,5,5,11,Salerno,,,
28-Jul-18,R'HILL,5,5,12,Destiny's Reward,,,
28-Jul-18,R'HILL,6,6,1,Sparky Lad,,,
28-Jul-18,R'HILL,6,6,2,Amanito,,,
28-Jul-18,R'HILL,6,6,3,Groundbreak,,,
28-Jul-18,R'HILL,6,6,4,Military Academy,,,
28-Jul-18,R'HILL,6,6,5,Mr Haussmann,1,$5,$50
28-Jul-18,R'HILL,6,6,6,Snitzel Day,,,
28-Jul-18,R'HILL,6,6,7,Surjin,,,
28-Jul-18,R'HILL,6,6,8,Foreign Territory,,,
28-Jul-18,R'HILL,6,6,9,You Make Me Smile,,,
28-Jul-18,R'HILL,6,6,10,Paret,,,
28-Jul-18,R'HILL,6,6,11,Excelsior,,,
28-Jul-18,R'HILL,6,6,12,Zidane,,,
28-Jul-18,R'HILL,6,6,13,Kaecilius,,,
28-Jul-18,R'HILL,6,6,14,Pretentious Man,,,
28-Jul-18,R'HILL,6,6,15,Spanish Dream,,,
28-Jul-18,R'HILL,6,6,16,Sostenido,,,
28-Jul-18,R'HILL,7,7,1,Hiflyer,,,
28-Jul-18,R'HILL,7,7,2,Testashadow,,,
28-Jul-18,R'HILL,7,7,3,Sons Of John,,,
28-Jul-18,R'HILL,7,7,4,Invinzabeel,,,
28-Jul-18,R'HILL,7,7,5,Gold Symphony,,,
28-Jul-18,R'HILL,7,7,6,Shiraz,,,
28-Jul-18,R'HILL,7,7,7,Dark Eyes,,,
28-Jul-18,R'HILL,7,7,8,Liapari,1,$9,$90
28-Jul-18,R'HILL,7,7,9,Mister Sea Wolf,,,
28-Jul-18,R'HILL,7,7,10,Show A Star,,,
28-Jul-18,R'HILL,7,7,11,Emperor's Way,,,
28-Jul-18,R'HILL,7,7,12,Mighty Lucky,,,
28-Jul-18,R'HILL,7,7,13,Special Missile,,,
28-Jul-18,R'HILL,7,7,14,Admiral Jello,,,
28-Jul-18,R'HILL,7,7,15,Sir Bacchus,,,
28-Jul-18,R'HILL,7,7,16,Flow,,,
28-Jul-18,R'HILL,7,7,17,Salsonic,,,
28-Jul-18,R'HILL,8,8,1,Isorich,,,
28-Jul-18,R'HILL,8,8,2,Lofty's Menu,,,
28-Jul-18,R'HILL,8,8,3,Souchez,,,
28-Jul-18,R'HILL,8,8,4,Super Tycoon,,,
28-Jul-18,R'HILL,8,8,5,Suspense,,,
28-Jul-18,R'HILL,8,8,6,Albumin,1,$4,$40
28-Jul-18,R'HILL,8,8,7,Goodfella,,,
28-Jul-18,R'HILL,8,8,8,Well Sprung,,,
28-Jul-18,R'HILL,8,8,9,Insensata,,,
28-Jul-18,R'HILL,8,8,10,Eusebio,,,
28-Jul-18,R'HILL,8,8,11,Top Striker,,,
28-Jul-18,R'HILL,8,8,12,Drachenfels,,,
28-Jul-18,R'HILL,8,8,13,Star Of Monsoon,,,
28-Jul-18,R'HILL,8,8,14,Best Guess,,,
28-Jul-18,R'HILL,9,9,1,Upscale,,,
28-Jul-18,R'HILL,9,9,2,Envy Of All,,,
28-Jul-18,R'HILL,9,9,3,Istria,,,
28-Jul-18,R'HILL,9,9,4,Smart Amelia,,,
28-Jul-18,R'HILL,9,9,5,Brook Magic,,,
28-Jul-18,R'HILL,9,9,6,Heavenly Anna,,,
28-Jul-18,R'HILL,9,9,7,And So It Goes,,,
28-Jul-18,R'HILL,9,9,8,Vienna Romance,,,
28-Jul-18,R'HILL,9,9,9,Zonk,,,
28-Jul-18,R'HILL,9,9,10,Mega Mall,,,
28-Jul-18,R'HILL,9,9,11,Sweet Scandal,,,
28-Jul-18,R'HILL,9,9,12,Bella Success,,,
28-Jul-18,R'HILL,9,9,13,Oria,1,$6,$60
28-Jul-18,R'HILL,9,9,14,Duchess Pedrille,,,
,,,,,,,,
,,,,,,,,
,,,,,,,,
,,,,,,,,
,,,,,,,,
,,,,,,,,
,,,,,,,,
,,,,,,,,
,,,,,,,,
,,,,,,1,$2,$20
